ID	Description	GeneRatio	BgRatio	RichFactor	FoldEnrichment	zScore	pvalue	p.adjust	qvalue	geneID	Count
GO:0003206	cardiac chamber morphogenesis	11/192	129/18986	0.08527131782945736	8.432089793281653	8.560828690554436	8.00492644034415e-8	2.5895937034513326e-4	2.0273529489966345e-4	APLNR/FOXC1/TBX3/DNAH11/NOS3/NPY2R/FOXF1/SMAD6/DSP/DLL4/BMP5	11
GO:0051937	catecholamine transport	8/192	65/18986	0.12307692307692308	12.17051282051282	9.118093696262294	2.9147178065051675e-7	4.7145560520221085e-4	3.690953180237597e-4	CRH/VIP/RAB3B/SNCG/TGM2/CARTPT/ADORA2A/DRD2	8
GO:0050432	catecholamine secretion	7/192	49/18986	0.14285714285714285	14.126488095238095	9.299022601607348	5.815152446748912e-7	5.969539542147958e-4	4.6734603883211547e-4	CRH/VIP/SNCG/TGM2/CARTPT/ADORA2A/DRD2	7
GO:0015844	monoamine transport	8/192	77/18986	0.1038961038961039	10.273809523809524	8.24167637451785	1.0957201807088633e-6	5.969539542147958e-4	4.6734603883211547e-4	CRH/VIP/RAB3B/SNCG/TGM2/CARTPT/ADORA2A/DRD2	8
GO:0009306	protein secretion	16/192	371/18986	0.0431266846361186	4.264600179694519	6.418473294371204	1.2378813629676938e-6	5.969539542147958e-4	4.6734603883211547e-4	VGF/ADCYAP1/ADTRP/IL1B/CRH/VIP/SCG2/ARL4D/SNCG/CBLN4/PCSK1/CARTPT/VSNL1/SNAP25/ADORA2A/DRD2	16
GO:0035592	establishment of protein localization to extracellular region	16/192	374/18986	0.0427807486631016	4.230392156862744	6.377358483090033	1.3750629308784813e-6	5.969539542147958e-4	4.6734603883211547e-4	VGF/ADCYAP1/ADTRP/IL1B/CRH/VIP/SCG2/ARL4D/SNCG/CBLN4/PCSK1/CARTPT/VSNL1/SNAP25/ADORA2A/DRD2	16
GO:0003205	cardiac chamber development	11/192	172/18986	0.06395348837209303	6.32406734496124	7.089465570565187	1.4545576558812893e-6	5.969539542147958e-4	4.6734603883211547e-4	APLNR/FOXC1/TBX3/DNAH11/NOS3/NPY2R/FOXF1/SMAD6/DSP/DLL4/BMP5	11
GO:0071692	protein localization to extracellular region	16/192	382/18986	0.041884816753926704	4.141797556719022	6.269790327031639	1.810426752491785e-6	5.969539542147958e-4	4.6734603883211547e-4	VGF/ADCYAP1/ADTRP/IL1B/CRH/VIP/SCG2/ARL4D/SNCG/CBLN4/PCSK1/CARTPT/VSNL1/SNAP25/ADORA2A/DRD2	16
GO:0072132	mesenchyme morphogenesis	7/192	58/18986	0.1206896551724138	11.93444683908046	8.429557053912795	1.8850706147583671e-6	5.969539542147958e-4	4.6734603883211547e-4	APLNR/LEF1/FOXC1/TBX3/NOS3/FOXF1/BMP5	7
GO:0051952	regulation of amine transport	8/192	83/18986	0.0963855421686747	9.531124497991968	7.872746412275405	1.950468453914015e-6	5.969539542147958e-4	4.6734603883211547e-4	CRH/RAB3B/SNCG/RGS4/CARTPT/ADORA2A/SLC17A8/DRD2	8
GO:2000425	regulation of apoptotic cell clearance	4/192	10/18986	0.4	39.55416666666667	12.325804878999902	2.0298279741461374e-6	5.969539542147958e-4	4.6734603883211547e-4	C4B/C4A/TGM2/CCL2	4
GO:0048167	regulation of synaptic plasticity	12/192	220/18986	0.05454545454545454	5.39375	6.625324138247573	2.56960452610792e-6	6.927225534965934e-4	5.423217973522505e-4	GFAP/EGR2/ARC/VGF/PTGS2/CRH/CLN3/ITPR3/SYP/SNAP25/ADORA2A/DRD2	12
GO:0015695	organic cation transport	9/192	120/18986	0.075	7.4164062500000005	7.1267063591691056	3.6493523190299258e-6	9.081272886201392e-4	7.109588404523078e-4	CRH/VIP/SLC47A2/SLC19A3/CLN3/RGS4/CARTPT/ADORA2A/SLC17A8	9
GO:0003007	heart morphogenesis	13/192	274/18986	0.04744525547445255	4.691643856447688	6.221301911262148	4.553847297626359e-6	0.0010522640005586623	8.238012479766182e-4	APLNR/FOXC1/TBX3/EPHB4/DNAH11/NOS3/NPY2R/FOXF1/SMAD6/DSP/DLL4/DKK1/BMP5	13
GO:0002040	sprouting angiogenesis	11/192	196/18986	0.05612244897959184	5.5496917517006805	6.4713207042401955	5.1666676026734175e-6	0.0011142779796432336	8.72351035230333e-4	ANGPT1/PTGS2/ADTRP/APLNR/LEF1/CARD10/EPHB4/GATA2/FLT4/TGM2/DLL4	11
GO:0051051	negative regulation of transport	17/192	467/18986	0.03640256959314775	3.5996832619557453	5.749319134809264	5.6372105494353995e-6	0.0011155679896692537	8.733609641728544e-4	ANGPT1/PTGS2/ADTRP/IL1B/CRH/KCNE4/RGS4/NOS3/CARTPT/FOXF1/OSTN/VSNL1/PTGER3/PLN/FCGR2B/SLC26A5/DRD2	17
GO:0015837	amine transport	8/192	96/18986	0.08333333333333333	8.240451388888888	7.188389207858475	5.862980801637556e-6	0.0011155679896692537	8.733609641728544e-4	CRH/RAB3B/SNCG/RGS4/CARTPT/ADORA2A/SLC17A8/DRD2	8
GO:0003231	cardiac ventricle development	9/192	128/18986	0.0703125	6.952880859375	6.830156638741914	6.207178922425523e-6	0.0011155679896692537	8.733609641728544e-4	APLNR/FOXC1/TBX3/NOS3/NPY2R/FOXF1/SMAD6/DSP/DLL4	9
GO:0001504	neurotransmitter uptake	6/192	46/18986	0.13043478260869565	12.898097826086955	8.166063781982807	6.618106035939285e-6	0.0011268196329612414	8.821697020758959e-4	GFAP/RAB3B/SLC1A7/SNAP25/SLC17A8/DRD2	6
GO:0007622	rhythmic behavior	6/192	48/18986	0.125	12.360677083333334	7.9653356650640665	8.526163034254775e-6	0.0013791068707907099	0.001079681487390368	EGR2/CRH/EGR1/ADORA2A/PLN/DRD2	6
GO:0001963	synaptic transmission, dopaminergic	5/192	30/18986	0.16666666666666666	16.480902777777775	8.576890477498681	1.164946675093629e-5	0.0017945726161561378	0.0014049432081580308	PTGS2/CRH/RAB3B/ADORA2A/DRD2	5
GO:0003197	endocardial cushion development	6/192	52/18986	0.11538461538461539	11.409855769230768	7.59751386942105	1.3678423503733008e-5	0.002011350001571649	0.0015746548779895515	APLNR/TBX3/NOS3/FOXF1/DKK1/BMP5	6
GO:0006959	humoral immune response	13/192	310/18986	0.041935483870967745	4.146807795698925	5.646189311012041	1.708924275469375e-5	0.0022831529284613487	0.0017874451951120167	C4B/FOXJ1/C4A/IL1B/CCL3L1/VIP/KLK7/LTF/C7/CCL2/FCGR2B/CXCL8/CXCL5	13
GO:0046942	carboxylic acid transport	14/192	357/18986	0.0392156862745098	3.8778594771241828	5.548239813978089	1.7103972485208388e-5	0.0022831529284613487	0.0017874451951120167	GFAP/PTGS2/IL1B/SLCO4A1/CLN3/RGS4/ABCC6/SLC1A7/ADORA2A/SLC17A8/SLC26A7/SLC26A5/SLC25A32/DRD2	14
GO:0015849	organic acid transport	14/192	358/18986	0.03910614525139665	3.8670274674115457	5.535241277350316	1.764414936987132e-5	0.0022831529284613487	0.0017874451951120167	GFAP/PTGS2/IL1B/SLCO4A1/CLN3/RGS4/ABCC6/SLC1A7/ADORA2A/SLC17A8/SLC26A7/SLC26A5/SLC25A32/DRD2	14
GO:0050802	circadian sleep/wake cycle, sleep	4/192	17/18986	0.23529411764705882	23.267156862745097	9.283533625833718	2.176192911343997e-5	0.0027076861800760885	0.0021198057265966225	CRH/ADORA2A/PLN/DRD2	4
GO:0051047	positive regulation of secretion	13/192	322/18986	0.040372670807453416	3.992268374741201	5.473591965229647	2.544213736829373e-5	0.0029878877291934143	0.002339171195457368	ADCYAP1/RPH3A/IL1B/CRH/GATA2/PCSK1/CARTPT/P2RY2/RAB27B/VSNL1/SNAP25/ADORA2A/DRD2	13
GO:0042220	response to cocaine	6/192	58/18986	0.10344827586206896	10.229525862068966	7.115203537942915	2.5861161180035734e-5	0.0029878877291934143	0.002339171195457368	ARC/CRH/RGS4/TGM2/FOSB/DRD2	6
GO:0002237	response to molecule of bacterial origin	14/192	375/18986	0.037333333333333336	3.691722222222223	5.321172317717976	2.943464863348843e-5	0.00328348580445983	0.002570590367048028	C4B/PTGS2/IL1B/LTF/MPO/PCSK1/NOS3/SMAD6/CCL2/PCK1/GBP5/FCGR2B/CXCL8/CXCL5	14
GO:0048168	regulation of neuronal synaptic plasticity	6/192	60/18986	0.1	9.888541666666667	6.969843453847383	3.145636002892707e-5	0.003392044156452636	0.002655579025599949	EGR2/ARC/VGF/CLN3/SYP/DRD2	6
GO:0045807	positive regulation of endocytosis	9/192	159/18986	0.05660377358490566	5.597287735849057	5.883774110760414	3.538565215455928e-5	0.003692664023225783	0.00289092968026722	C4B/ANGPT1/C4A/APLNR/CLN3/GATA2/CCL2/FCGR2B/DRD2	9
GO:0043542	endothelial cell migration	12/192	287/18986	0.041811846689895474	4.1345818815331015	5.408261474167125	3.729339165882996e-5	0.003770128813009841	0.002951575668787661	ANGPT1/PTGS2/ADTRP/CLN3/CARD10/EPHB4/ATOH8/SCG2/GATA2/FLT4/NOS3/DLL4	12
GO:0022410	circadian sleep/wake cycle process	4/192	20/18986	0.2	19.777083333333334	8.491835297082938	4.326061366001275e-5	0.0040069941745285494	0.0031370139051218383	CRH/ADORA2A/PLN/DRD2	4
GO:0051580	regulation of neurotransmitter uptake	4/192	20/18986	0.2	19.777083333333334	8.491835297082938	4.326061366001275e-5	0.0040069941745285494	0.0031370139051218383	GFAP/RAB3B/SLC17A8/DRD2	4
GO:0023061	signal release	16/192	493/18986	0.032454361054766734	3.209263015551048	5.02358206065589	4.335233264559481e-5	0.0040069941745285494	0.0031370139051218383	VGF/ADCYAP1/PTGS2/RPH3A/IL1B/CRH/VIP/TBX3/SNCG/SYP/TGM2/CARTPT/VSNL1/SNAP25/ADORA2A/DRD2	16
GO:0001763	morphogenesis of a branching structure	10/192	207/18986	0.04830917874396135	4.777073268921095	5.522689860419674	5.051164015523563e-5	0.004539032108394091	0.0035535381933771036	LEF1/TBX3/PGR/TIE1/PAK1/NOTCH4/TGM2/FOXF1/DLL4/DRD2	10
GO:1903532	positive regulation of secretion by cell	12/192	298/18986	0.040268456375838924	3.9819630872483223	5.24415218391072	5.3651771824777076e-5	0.0046435184266050466	0.003635338919518993	ADCYAP1/RPH3A/IL1B/CRH/GATA2/PCSK1/CARTPT/RAB27B/VSNL1/SNAP25/ADORA2A/DRD2	12
GO:0006836	neurotransmitter transport	10/192	209/18986	0.04784688995215311	4.731359649122807	5.482434534834267	5.4768564381801976e-5	0.0046435184266050466	0.003635338919518993	GFAP/RPH3A/RAB3B/SNCG/SYP/SLC1A7/SNAP25/ADORA2A/SLC17A8/DRD2	10
GO:0051954	positive regulation of amine transport	5/192	41/18986	0.12195121951219512	12.059197154471546	7.164972498409711	5.598059308735606e-5	0.0046435184266050466	0.003635338919518993	RAB3B/CARTPT/ADORA2A/SLC17A8/DRD2	5
GO:2000630	positive regulation of miRNA metabolic process	6/192	67/18986	0.08955223880597014	8.855410447761193	6.51033742989814	5.9136688717634244e-5	0.004782679700038669	0.003744286133016526	EGR1/ATOH8/GATA2/XIST/NEAT1/SMAD6	6
GO:0050433	regulation of catecholamine secretion	5/192	42/18986	0.11904761904761904	11.772073412698411	7.063735210503147	6.302757499355234e-5	0.004973029392783947	0.003893307970076687	CRH/SNCG/CARTPT/ADORA2A/DRD2	5
GO:0051924	regulation of calcium ion transport	11/192	258/18986	0.04263565891472868	4.216044896640827	5.256934422125507	6.624610768676332e-5	0.005102527580159031	0.003994690102615352	AHNAK/PTGS2/APLNR/CRH/RGS4/MCHR1/NOS3/CCL2/ADORA2A/PLN/DRD2	11
GO:0030100	regulation of endocytosis	12/192	307/18986	0.03908794788273615	3.865228013029316	5.115615199553521	7.133692535275362e-5	0.0053660148577899065	0.00420097022625641	C4B/ARC/ANGPT1/C4A/APLNR/CLN3/GATA2/TGM2/CCL2/DKK1/FCGR2B/DRD2	12
GO:0051048	negative regulation of secretion	9/192	175/18986	0.05142857142857143	5.085535714285714	5.4879279094943465	7.461594514490887e-5	0.0053660148577899065	0.00420097022625641	ADTRP/IL1B/CRH/CARTPT/FOXF1/VSNL1/PTGER3/FCGR2B/DRD2	9
GO:0015711	organic anion transport	15/192	462/18986	0.032467532467532464	3.210565476190476	4.86186939920343	7.521978218696612e-5	0.0053660148577899065	0.00420097022625641	GFAP/PTGS2/IL1B/SLCO4A1/CLN3/RGS4/ABCC6/SLC52A3/SLC1A7/ADORA2A/SLC17A8/SLC26A7/SLC26A5/SLC25A32/DRD2	15
GO:0042745	circadian sleep/wake cycle	4/192	23/18986	0.17391304347826086	17.19746376811594	7.856040550229469	7.721030035835904e-5	0.0053660148577899065	0.00420097022625641	CRH/ADORA2A/PLN/DRD2	4
GO:0050806	positive regulation of synaptic transmission	9/192	176/18986	0.05113636363636364	5.056640625000001	5.464806331783132	7.796064862940513e-5	0.0053660148577899065	0.00420097022625641	GFAP/ARC/PTGS2/CRH/ITPR3/CCL2/SNAP25/ADORA2A/DRD2	9
GO:0035282	segmentation	7/192	102/18986	0.06862745098039216	6.786254084967321	5.92238851576147	7.963802930112315e-5	0.005367271349773612	0.00420195391444084	EGR2/LEF1/FOXC1/TBX3/TBX18/FOXF1/DKK1	7
GO:0043279	response to alkaloid	7/192	103/18986	0.06796116504854369	6.720368122977345	5.883738974162289	8.472320555183102e-5	0.005593460611432109	0.0043790339969431895	ARC/CRH/RGS4/TGM2/ADORA2A/FOSB/DRD2	7
GO:0030199	collagen fibril organization	6/192	72/18986	0.08333333333333333	8.240451388888888	6.221376749248569	8.879331740926932e-5	0.00571863141181556	0.004477028284984377	AEBP1/FOXC1/COL14A1/COL27A1/COL1A2/COL3A1	6
GO:0030431	sleep	4/192	24/18986	0.16666666666666666	16.480902777777775	7.670190259549007	9.192235963351132e-5	0.00571863141181556	0.004477028284984377	CRH/ADORA2A/PLN/DRD2	4
GO:0051590	positive regulation of neurotransmitter transport	4/192	24/18986	0.16666666666666666	16.480902777777775	7.670190259549007	9.192235963351132e-5	0.00571863141181556	0.004477028284984377	RAB3B/ADORA2A/SLC17A8/DRD2	4
GO:0048512	circadian behavior	5/192	46/18986	0.10869565217391304	10.748414855072463	6.690664225773245	9.829233590971684e-5	0.005946308170953947	0.004655272906309346	CRH/EGR1/ADORA2A/PLN/DRD2	5
GO:0043534	blood vessel endothelial cell migration	9/192	182/18986	0.04945054945054945	4.889938186813187	5.329660886279978	1.007904929653868e-4	0.005946308170953947	0.004655272906309346	ANGPT1/PTGS2/ADTRP/CLN3/CARD10/EPHB4/GATA2/NOS3/DLL4	9
GO:0006835	dicarboxylic acid transport	7/192	106/18986	0.0660377358490566	6.530169025157233	5.770808287954895	1.0158932600748954e-4	0.005946308170953947	0.004655272906309346	GFAP/SLC1A7/ADORA2A/SLC17A8/SLC26A7/SLC26A5/SLC25A32	7
GO:0060411	cardiac septum morphogenesis	6/192	74/18986	0.08108108108108109	8.017736486486486	6.113508082012189	1.0353648403742793e-4	0.005946308170953947	0.004655272906309346	APLNR/TBX3/DNAH11/NOS3/SMAD6/BMP5	6
GO:0007389	pattern specification process	15/192	476/18986	0.031512605042016806	3.1161370798319328	4.725963552612196	1.0477266329037867e-4	0.005946308170953947	0.004655272906309346	MEIS3/EGR2/FOXJ1/ARC/APLNR/LEF1/FOXC1/TBX3/TBX18/DNAH11/FOXF1/SMAD6/DLL4/DKK1/BMP5	15
GO:0003170	heart valve development	6/192	75/18986	0.08	7.910833333333334	6.061081273620159	1.1160343488540656e-4	0.0062247777905912105	0.004873282474306501	APLNR/TIE1/NOS3/SMAD6/DLL4/DKK1	6
GO:0031652	positive regulation of heat generation	3/192	10/18986	0.3	29.665625000000002	9.164428414168333	1.1595335723455627e-4	0.006357781536504907	0.004977409054528857	PTGS2/IL1B/PTGER3	3
GO:0060291	long-term synaptic potentiation	7/192	110/18986	0.06363636363636363	6.292708333333333	5.626853705692582	1.2822979614843285e-4	0.006853549970049756	0.0053655385106775285	GFAP/ARC/CRH/ITPR3/SNAP25/ADORA2A/DRD2	7
GO:0051966	regulation of synaptic transmission, glutamatergic	6/192	77/18986	0.07792207792207792	7.705357142857142	5.959081152692142	1.2923231782783156e-4	0.006853549970049756	0.0053655385106775285	PTGS2/CLN3/CCL2/ADORA2A/DKK1/DRD2	6
GO:0035249	synaptic transmission, glutamatergic	7/192	111/18986	0.06306306306306306	6.236017267267267	5.591977086161575	1.3570564075831171e-4	0.007080770126663523	0.005543425664932055	PTGS2/CLN3/CCL2/ADORA2A/DKK1/SLC17A8/DRD2	7
GO:0061138	morphogenesis of a branching epithelium	9/192	190/18986	0.04736842105263158	4.684046052631579	5.158404998406202	1.3973105045601394e-4	0.007124474120934255	0.005577640847626395	LEF1/TBX3/PGR/TIE1/PAK1/NOTCH4/TGM2/FOXF1/DLL4	9
GO:0009914	hormone transport	12/192	330/18986	0.03636363636363636	3.595833333333333	4.808070335511023	1.4094786514367614e-4	0.007124474120934255	0.005577640847626395	VGF/ADCYAP1/IL1B/CRH/VIP/SLCO4A1/TBX3/CARTPT/CRYM/VSNL1/SNAP25/DRD2	12
GO:0007611	learning or memory	11/192	282/18986	0.03900709219858156	3.85723256501182	4.8859520705922	1.4562596500965473e-4	0.007167228403314603	0.0056111125155372775	EGR2/ARC/PTGS2/CRH/CLN3/ITPR3/DNAH11/SNAP25/PLN/DKK1/DRD2	11
GO:0014074	response to purine-containing compound	8/192	150/18986	0.05333333333333334	5.273888888888889	5.311544444579095	1.46224752586944e-4	0.007167228403314603	0.0056111125155372775	VGF/PTGS2/IL1B/PDXP/P2RY2/PCK1/ADORA2A/FOSB	8
GO:0001660	fever generation	3/192	11/18986	0.2727272727272727	26.96875	8.707686794773792	1.582491784867037e-4	0.007528471947124801	0.00589392451143977	PTGS2/IL1B/PTGER3	3
GO:0048241	epinephrine transport	3/192	11/18986	0.2727272727272727	26.96875	8.707686794773792	1.582491784867037e-4	0.007528471947124801	0.00589392451143977	CRH/VIP/CARTPT	3
GO:1903531	negative regulation of secretion by cell	8/192	154/18986	0.05194805194805195	5.136904761904762	5.209954906230011	1.7529117352341704e-4	0.008136635182246868	0.00637004612331765	ADTRP/IL1B/CRH/CARTPT/FOXF1/VSNL1/FCGR2B/DRD2	8
GO:0060840	artery development	7/192	116/18986	0.0603448275862069	5.96722341954023	5.423792207849692	1.7857839194421256e-4	0.008136635182246868	0.00637004612331765	EGR2/APLNR/FOXC1/FOXF1/SMAD6/DLL4/COL3A1	7
GO:0070555	response to interleukin-1	7/192	116/18986	0.0603448275862069	5.96722341954023	5.423792207849692	1.7857839194421256e-4	0.008136635182246868	0.00637004612331765	IL1B/EGR1/PCSK1/CCL2/PCK1/PYDC1/CXCL8	7
GO:0060537	muscle tissue development	14/192	447/18986	0.03131991051454139	3.0970824011931395	4.534949015301101	1.9018249131964662e-4	0.008545004991931344	0.006689752545541956	EGR2/LEF1/FOXC1/EGR1/TBX3/TBX18/RGS4/COL14A1/DSP/DLL4/PLN/DKK1/BMP5/COL3A1	14
GO:0048732	gland development	14/192	450/18986	0.03111111111111111	3.076435185185185	4.505706823500612	2.037012979787879e-4	0.009027036972073682	0.007067127944296521	CCKBR/IQGAP3/CRH/LEF1/FOXC1/TBX3/PGR/GATA2/PCSK1/NOTCH4/TGM2/FOXF1/PCK1/DRD2	14
GO:0048754	branching morphogenesis of an epithelial tube	8/192	158/18986	0.05063291139240506	5.006856540084388	5.11183168884851	2.0895260724898733e-4	0.009134617357438838	0.007151350967867192	LEF1/TBX3/PGR/TIE1/PAK1/NOTCH4/FOXF1/DLL4	8
GO:0007612	learning	8/192	159/18986	0.050314465408805034	4.9753668763102725	5.087817437489375	2.1814820751889127e-4	0.00940945935098151	0.007366520523374771	ARC/PTGS2/CRH/CLN3/SNAP25/PLN/DKK1/DRD2	8
GO:0051092	positive regulation of NF-kappaB transcription factor activity	7/192	122/18986	0.05737704918032787	5.6737534153005464	5.234498995635606	2.4383357000014e-4	0.0103789684072428	0.008125534202497741	IL1B/PRKCH/TNFSF18/RHEBL1/LTF/HSPA1A/IL18R1	7
GO:0002455	humoral immune response mediated by circulating immunoglobulin	5/192	56/18986	0.08928571428571429	8.82905505952381	5.930268509353871	2.524234310713527e-4	0.010532590378580266	0.00824580247323326	C4B/FOXJ1/C4A/C7/FCGR2B	5
GO:0048738	cardiac muscle tissue development	10/192	252/18986	0.03968253968253968	3.9240244708994703	4.722938812352504	2.54284759694842e-4	0.010532590378580266	0.00824580247323326	FOXC1/TBX3/TBX18/RGS4/COL14A1/DSP/DLL4/PLN/DKK1/BMP5	10
GO:0050678	regulation of epithelial cell proliferation	13/192	406/18986	0.03201970443349754	3.1662818144499183	4.45965661024264	2.608683594410407e-4	0.010532590378580266	0.00824580247323326	IQGAP3/APLNR/ATOH8/SCG2/PGR/GATA2/TIE1/FLT4/NEAT1/CCL2/DLL4/BMP5/DRD2	13
GO:0032496	response to lipopolysaccharide	12/192	354/18986	0.03389830508474576	3.3520480225988702	4.515068896674923	2.690233030126608e-4	0.010532590378580266	0.00824580247323326	PTGS2/IL1B/LTF/MPO/PCSK1/NOS3/SMAD6/CCL2/PCK1/GBP5/CXCL8/CXCL5	12
GO:0071347	cellular response to interleukin-1	6/192	88/18986	0.06818181818181818	6.7421875	5.457039369844665	2.694864631895646e-4	0.010532590378580266	0.00824580247323326	IL1B/EGR1/CCL2/PCK1/PYDC1/CXCL8	6
GO:0001696	gastric acid secretion	3/192	13/18986	0.23076923076923078	22.819711538461537	7.954245326252385	2.702333852927858e-4	0.010532590378580266	0.00824580247323326	CCKBR/PTGER3/SLC26A7	3
GO:0031650	regulation of heat generation	3/192	13/18986	0.23076923076923078	22.819711538461537	7.954245326252385	2.702333852927858e-4	0.010532590378580266	0.00824580247323326	PTGS2/IL1B/PTGER3	3
GO:0051402	neuron apoptotic process	11/192	307/18986	0.035830618892508145	3.5431256786102066	4.54052952041277	3.0301210697571395e-4	0.011669573405552792	0.009135928939643708	BDNF/ANGPT1/CRH/EGR1/CLN3/COL6A2/COL6A3/CCL2/ADORA2A/DKK1/FCGR2B	11
GO:0007626	locomotory behavior	9/192	213/18986	0.04225352112676056	4.178257042253521	4.714745812208484	3.2728208100709483e-4	0.012259461241403044	0.009597743023449352	CRH/EGR1/SNCG/NPY2R/GAD1/SNAP25/ADORA2A/PLN/DRD2	9
GO:0010996	response to auditory stimulus	4/192	33/18986	0.12121212121212122	11.986111111111112	6.384226396930404	3.296980302943013e-4	0.012259461241403044	0.009597743023449352	GAP43/ATOH7/SLC26A5/DRD2	4
GO:0033198	response to ATP	4/192	33/18986	0.12121212121212122	11.986111111111112	6.384226396930404	3.296980302943013e-4	0.012259461241403044	0.009597743023449352	PTGS2/IL1B/PDXP/P2RY2	4
GO:2000628	regulation of miRNA metabolic process	6/192	92/18986	0.06521739130434782	6.449048913043478	5.295402404897005	3.4296307853423386e-4	0.012607790443843709	0.0098704445807819	EGR1/ATOH8/GATA2/XIST/NEAT1/SMAD6	6
GO:0030856	regulation of epithelial cell differentiation	8/192	172/18986	0.046511627906976744	4.599321705426356	4.792814525939077	3.7109330794366874e-4	0.013488616305592904	0.010560029555440179	FOXJ1/IL1B/LEF1/PRKCH/FOXC1/TBX3/ATOH8/NOTCH4	8
GO:0043269	regulation of monoatomic ion transport	14/192	480/18986	0.029166666666666667	2.884157986111111	4.2259850763858084	3.9133391334281653e-4	0.014036878317322476	0.010989255423892584	ARC/AHNAK/PTGS2/APLNR/CRH/KCNE4/RGS4/MCHR1/NOS3/CCL2/ADORA2A/PLN/SLC26A5/DRD2	14
GO:0014706	striated muscle tissue development	13/192	424/18986	0.030660377358490566	3.031864190251572	4.276726959242126	3.9485500058001406e-4	0.014036878317322476	0.010989255423892584	EGR2/LEF1/FOXC1/EGR1/TBX3/TBX18/RGS4/COL14A1/DSP/DLL4/PLN/DKK1/BMP5	13
GO:0043278	response to morphine	3/192	15/18986	0.2	19.777083333333334	7.353175898294551	4.235512131120135e-4	0.014318294990019216	0.011209572194252415	ARC/FOSB/DRD2	3
GO:0045187	regulation of circadian sleep/wake cycle, sleep	3/192	15/18986	0.2	19.777083333333334	7.353175898294551	4.235512131120135e-4	0.014318294990019216	0.011209572194252415	CRH/ADORA2A/DRD2	3
GO:0060033	anatomical structure regression	3/192	15/18986	0.2	19.777083333333334	7.353175898294551	4.235512131120135e-4	0.014318294990019216	0.011209572194252415	LEF1/AMH/DRD2	3
GO:0002042	cell migration involved in sprouting angiogenesis	6/192	96/18986	0.0625	6.180338541666667	5.1430895210643115	4.312721137125419e-4	0.014318294990019216	0.011209572194252415	PTGS2/ADTRP/CARD10/EPHB4/GATA2/DLL4	6
GO:0043271	negative regulation of monoatomic ion transport	7/192	134/18986	0.05223880597014925	5.165656094527363	4.8910646163157585	4.316814714446951e-4	0.014318294990019216	0.011209572194252415	PTGS2/KCNE4/RGS4/NOS3/PLN/SLC26A5/DRD2	7
GO:0003229	ventricular cardiac muscle tissue development	5/192	63/18986	0.07936507936507936	7.8480489417989405	5.502859688937362	4.387185926958921e-4	0.014318294990019216	0.011209572194252415	FOXC1/TBX3/COL14A1/DSP/DLL4	5
GO:0001894	tissue homeostasis	10/192	270/18986	0.037037037037037035	3.6624228395061724	4.453471709855131	4.39019051042236e-4	0.014318294990019216	0.011209572194252415	ANGPT1/PTGS2/FOXC1/CCDC154/GATA2/COL14A1/NOS3/ABCC6/CARTPT/COL3A1	10
GO:0060249	anatomical structure homeostasis	10/192	270/18986	0.037037037037037035	3.6624228395061724	4.453471709855131	4.39019051042236e-4	0.014318294990019216	0.011209572194252415	ANGPT1/PTGS2/FOXC1/CCDC154/GATA2/COL14A1/NOS3/ABCC6/CARTPT/COL3A1	10
GO:0009612	response to mechanical stimulus	9/192	222/18986	0.04054054054054054	4.008868243243243	4.557883806195503	4.4265683773920606e-4	0.014318294990019216	0.011209572194252415	KRT5/PTGS2/IL1B/GAP43/MPO/ATOH7/FOSB/SLC26A5/DRD2	9
GO:0003002	regionalization	13/192	430/18986	0.030232558139534883	2.989559108527132	4.217889481043204	4.5089680738060205e-4	0.014318294990019216	0.011209572194252415	EGR2/FOXJ1/ARC/APLNR/LEF1/FOXC1/TBX3/TBX18/DNAH11/FOXF1/SMAD6/DLL4/DKK1	13
GO:0046683	response to organophosphorus	7/192	135/18986	0.05185185185185185	5.127391975308642	4.8643151780751825	4.514578327610387e-4	0.014318294990019216	0.011209572194252415	VGF/PTGS2/IL1B/PDXP/P2RY2/PCK1/FOSB	7
GO:0001975	response to amphetamine	4/192	36/18986	0.1111111111111111	10.987268518518519	6.0623313999075394	4.6351284430060183e-4	0.01454324609604828	0.011385682943819137	RGS4/ADORA2A/FOSB/DRD2	4
GO:0061844	antimicrobial humoral immune response mediated by antimicrobial peptide	7/192	136/18986	0.051470588235294115	5.0896905637254894	4.8378291854234545	4.719509164847948e-4	0.01454324609604828	0.011385682943819137	CCL3L1/VIP/KLK7/LTF/CCL2/CXCL8/CXCL5	7
GO:0071715	icosanoid transport	5/192	64/18986	0.078125	7.725423177083333	5.447188295095651	4.7203735396756394e-4	0.01454324609604828	0.011385682943819137	PTGS2/IL1B/SLCO4A1/ABCC6/DRD2	5
GO:0001936	regulation of endothelial cell proliferation	8/192	179/18986	0.0446927374301676	4.4194599627560525	4.645907728827371	4.8412048037678923e-4	0.014774809000178425	0.011566969968088928	APLNR/ATOH8/SCG2/GATA2/TIE1/FLT4/CCL2/DLL4	8
GO:0001756	somitogenesis	5/192	65/18986	0.07692307692307693	7.606570512820514	5.392709351377439	5.07226135557942e-4	0.015216937035734603	0.01191310518440656	LEF1/FOXC1/TBX18/FOXF1/DKK1	5
GO:0051588	regulation of neurotransmitter transport	6/192	99/18986	0.06060606060606061	5.993055555555556	5.0344126414404275	5.084263193104174e-4	0.015216937035734603	0.01191310518440656	GFAP/RAB3B/SNCG/ADORA2A/SLC17A8/DRD2	6
GO:0007200	phospholipase C-activating G protein-coupled receptor signaling pathway	7/192	138/18986	0.050724637681159424	5.01592693236715	4.785628840155777	5.151623369222397e-4	0.015216937035734603	0.01191310518440656	CCKBR/MAS1/GAP43/TGM2/P2RY2/PTGER3/DRD2	7
GO:0014072	response to isoquinoline alkaloid	3/192	16/18986	0.1875	18.541015625	7.094591024415897	5.174228976602183e-4	0.015216937035734603	0.01191310518440656	ARC/FOSB/DRD2	3
GO:0042886	amide transport	11/192	328/18986	0.03353658536585366	3.316279217479675	4.277023060493592	5.287369301972385e-4	0.015409585308000599	0.012063926543902854	VGF/ADCYAP1/IL1B/CRH/VIP/CLN3/CARTPT/VSNL1/SNAP25/SLC25A32/DRD2	11
GO:0050890	cognition	11/192	329/18986	0.03343465045592705	3.306199341438703	4.265011345861897	5.422870201120768e-4	0.015663379554130077	0.012262618142759935	EGR2/ARC/PTGS2/CRH/CLN3/ITPR3/DNAH11/SNAP25/PLN/DKK1/DRD2	11
GO:0007498	mesoderm development	7/192	140/18986	0.05	4.944270833333333	4.734427347037796	5.614686070813927e-4	0.01607390215848058	0.012584009954707324	LEF1/FOXC1/TBX3/TIE1/AMH/FOXF1/DKK1	7
GO:0035904	aorta development	5/192	67/18986	0.07462686567164178	7.379508706467661	5.287152669140846	5.834820459653511e-4	0.01655758262015711	0.012962675924216387	EGR2/APLNR/SMAD6/DLL4/COL3A1	5
GO:0050764	regulation of phagocytosis	6/192	102/18986	0.058823529411764705	5.816789215686274	4.930114840262015	5.959201170342426e-4	0.016763491987876303	0.013123879190703779	C4B/C4A/GATA2/TGM2/CCL2/FCGR2B	6
GO:0003180	aortic valve morphogenesis	4/192	39/18986	0.10256410256410256	10.142094017094017	5.776357487551676	6.321051593608321e-4	0.01762810509079562	0.013800771446662091	TIE1/NOS3/SMAD6/DLL4	4
GO:0007586	digestion	7/192	144/18986	0.04861111111111111	4.806929976851852	4.634884742009696	6.639986782742823e-4	0.018314247326715872	0.014337941614928301	CCKBR/CLDN15/SST/CRH/CCK/PTGER3/SLC26A7	7
GO:0046888	negative regulation of hormone secretion	5/192	69/18986	0.07246376811594203	7.165609903381643	5.18585967359594	6.680312780687706e-4	0.018314247326715872	0.014337941614928301	IL1B/CRH/CARTPT/VSNL1/DRD2	5
GO:0030198	extracellular matrix organization	11/192	339/18986	0.032448377581120944	3.2086713372664697	4.147369817193425	6.945070123660981e-4	0.01888008558827166	0.01478092765814093	GFAP/ADTRP/AEBP1/FOXC1/KLK7/TIE1/COL14A1/COL27A1/FOXF1/COL1A2/COL3A1	11
GO:0043062	extracellular structure organization	11/192	340/18986	0.03235294117647059	3.1992340686274514	4.135846169171144	7.115124040152142e-4	0.01918118855824348	0.015016656526847416	GFAP/ADTRP/AEBP1/FOXC1/KLK7/TIE1/COL14A1/COL27A1/FOXF1/COL1A2/COL3A1	11
GO:0045229	external encapsulating structure organization	11/192	341/18986	0.03225806451612903	3.189852150537634	4.1243650084434504	7.288630339841604e-4	0.019326818974907862	0.015130668332751424	GFAP/ADTRP/AEBP1/FOXC1/KLK7/TIE1/COL14A1/COL27A1/FOXF1/COL1A2/COL3A1	11
GO:0060485	mesenchyme development	11/192	341/18986	0.03225806451612903	3.189852150537634	4.1243650084434504	7.288630339841604e-4	0.019326818974907862	0.015130668332751424	IL1B/APLNR/LEF1/FOXC1/TBX3/NOS3/NOTCH4/AMH/FOXF1/DKK1/BMP5	11
GO:0031649	heat generation	3/192	18/18986	0.16666666666666666	16.480902777777775	6.641528935746022	7.428113995796661e-4	0.019455139229284973	0.015231128279723304	PTGS2/IL1B/PTGER3	3
GO:0034763	negative regulation of transmembrane transport	7/192	147/18986	0.047619047619047616	4.708829365079365	4.562605304089628	7.502201725117767e-4	0.019455139229284973	0.015231128279723304	IL1B/KCNE4/RGS4/OSTN/PLN/SLC26A5/DRD2	7
GO:0006909	phagocytosis	9/192	239/18986	0.03765690376569038	3.723718619246862	4.282936192178297	7.517441742382137e-4	0.019455139229284973	0.015231128279723304	C4B/C4A/CLN3/GATA2/PAK1/TGM2/CCL2/ADORA2A/FCGR2B	9
GO:0003208	cardiac ventricle morphogenesis	5/192	71/18986	0.07042253521126761	6.963761737089203	5.088532933544111	7.614315843311839e-4	0.019514792499269726	0.015277829904252168	FOXC1/NPY2R/FOXF1/DSP/DLL4	5
GO:0003203	endocardial cushion morphogenesis	4/192	41/18986	0.0975609756097561	9.647357723577235	5.602403086583035	7.661139559218718e-4	0.019514792499269726	0.015277829904252168	APLNR/TBX3/NOS3/BMP5	4
GO:0071219	cellular response to molecule of bacterial origin	9/192	242/18986	0.0371900826446281	3.6775568181818183	4.237030052891289	8.2120975468306e-4	0.02075479340937265	0.016248607481640153	PTGS2/IL1B/LTF/NOS3/CCL2/GBP5/FCGR2B/CXCL8/CXCL5	9
GO:0009743	response to carbohydrate	9/192	243/18986	0.037037037037037035	3.6624228395061724	4.221890044037184	8.454940069217386e-4	0.021137293226781668	0.01654806068612599	PTGS2/IL1B/CRH/EGR1/COL6A2/PCSK1/COL6A3/PCK1/VSNL1	9
GO:0050766	positive regulation of phagocytosis	5/192	73/18986	0.0684931506849315	6.772973744292237	4.994903531274135	8.642526306013297e-4	0.021137293226781668	0.01654806068612599	C4B/C4A/GATA2/CCL2/FCGR2B	5
GO:2001234	negative regulation of apoptotic signaling pathway	9/192	244/18986	0.036885245901639344	3.6474129098360653	4.20682971156646	8.703597827033596e-4	0.021137293226781668	0.01654806068612599	MEIS3/BDNF/PTGS2/IL1B/SCG2/NOS3/HSPA1A/BMP5/MUC1	9
GO:0001946	lymphangiogenesis	3/192	19/18986	0.15789473684210525	15.613486842105262	6.441360934924041	8.755478492700906e-4	0.021137293226781668	0.01654806068612599	FOXC1/TIE1/FLT4	3
GO:0042749	regulation of circadian sleep/wake cycle	3/192	19/18986	0.15789473684210525	15.613486842105262	6.441360934924041	8.755478492700906e-4	0.021137293226781668	0.01654806068612599	CRH/ADORA2A/DRD2	3
GO:0071318	cellular response to ATP	3/192	19/18986	0.15789473684210525	15.613486842105262	6.441360934924041	8.755478492700906e-4	0.021137293226781668	0.01654806068612599	PTGS2/PDXP/P2RY2	3
GO:0010586	miRNA metabolic process	6/192	110/18986	0.05454545454545454	5.39375	4.671141297109095	8.869074459122578e-4	0.02125293027797151	0.016638591149043994	EGR1/ATOH8/GATA2/XIST/NEAT1/SMAD6	6
GO:0030858	positive regulation of epithelial cell differentiation	5/192	74/18986	0.06756756756756757	6.681447072072072	4.949398236813375	9.193769890479895e-4	0.0218690041144871	0.017120905848680056	FOXJ1/LEF1/PRKCH/FOXC1/ATOH8	5
GO:0003279	cardiac septum development	6/192	111/18986	0.05405405405405406	5.3451576576576585	4.640554226067806	9.298332633496247e-4	0.021956281802452817	0.01718923420375872	APLNR/TBX3/DNAH11/NOS3/SMAD6/BMP5	6
GO:0010959	regulation of metal ion transport	12/192	408/18986	0.029411764705882353	2.908394607843137	3.938629114466749	9.45746441010737e-4	0.022170215483114014	0.017356719581020853	AHNAK/PTGS2/APLNR/CRH/KCNE4/RGS4/MCHR1/NOS3/CCL2/ADORA2A/PLN/DRD2	12
GO:0048511	rhythmic process	10/192	299/18986	0.033444816053511704	3.307204570791527	4.064416526637771	9.631880065366589e-4	0.02241664173486397	0.017549642890777747	CRH/EGR1/PGR/NOS3/ATOH7/AMH/CARTPT/ADORA2A/PLN/DRD2	10
GO:0002090	regulation of receptor internalization	5/192	75/18986	0.06666666666666667	6.592361111111111	4.904727631382204	9.770751000596027e-4	0.02257741391923439	0.017675508952957927	ARC/ANGPT1/APLNR/DKK1/DRD2	5
GO:0046717	acid secretion	4/192	44/18986	0.09090909090909091	8.989583333333334	5.36270437727838	0.0010030217675686228	0.02301259161762053	0.018016202857559588	CCKBR/PTGER3/SLC26A7/DRD2	4
GO:0007218	neuropeptide signaling pathway	6/192	113/18986	0.05309734513274336	5.250553097345133	4.580474833244244	0.001020469275421839	0.023129618096340804	0.01810782108185015	ADCYAP1/MCHR2/MCHR1/NPY2R/CARTPT/NXPH2	6
GO:0060353	regulation of cell adhesion molecule production	3/192	20/18986	0.15	14.832812500000001	6.255815312748967	0.001022422067318929	0.023129618096340804	0.01810782108185015	IL1B/NOTCH4/CXCL8	3
GO:0030072	peptide hormone secretion	9/192	250/18986	0.036	3.559875	4.118097533746685	0.0010323542333361712	0.023192124616961903	0.018156756472272134	VGF/ADCYAP1/IL1B/CRH/VIP/CARTPT/VSNL1/SNAP25/DRD2	9
GO:1905039	carboxylic acid transmembrane transport	7/192	156/18986	0.04487179487179487	4.437166132478633	4.356963953458647	0.0010630804134598394	0.023615363467386564	0.018488103637039642	GFAP/CLN3/RGS4/SLC1A7/SLC17A8/SLC26A7/SLC25A32	7
GO:0001935	endothelial cell proliferation	8/192	202/18986	0.039603960396039604	3.916254125412541	4.21166010519721	0.0010657938380953442	0.023615363467386564	0.018488103637039642	APLNR/ATOH8/SCG2/GATA2/TIE1/FLT4/CCL2/DLL4	8
GO:0003176	aortic valve development	4/192	45/18986	0.08888888888888889	8.789814814814816	5.287839225115376	0.0010922602087259496	0.023714508558580177	0.018565722798973047	TIE1/NOS3/SMAD6/DLL4	4
GO:0015872	dopamine transport	4/192	45/18986	0.08888888888888889	8.789814814814816	5.287839225115376	0.0010922602087259496	0.023714508558580177	0.018565722798973047	RAB3B/SNCG/TGM2/DRD2	4
GO:0043277	apoptotic cell clearance	4/192	45/18986	0.08888888888888889	8.789814814814816	5.287839225115376	0.0010922602087259496	0.023714508558580177	0.018565722798973047	C4B/C4A/TGM2/CCL2	4
GO:0048332	mesoderm morphogenesis	5/192	78/18986	0.0641025641025641	6.338808760683761	4.7754595723815285	0.001166356381524343	0.025154419294874997	0.01969300669436891	LEF1/FOXC1/TBX3/FOXF1/DKK1	5
GO:1903825	organic acid transmembrane transport	7/192	159/18986	0.0440251572327044	4.353446016771488	4.291860764218336	0.0011874916839505372	0.025440633096556208	0.019917079062983567	GFAP/CLN3/RGS4/SLC1A7/SLC17A8/SLC26A7/SLC25A32	7
GO:0030073	insulin secretion	8/192	206/18986	0.038834951456310676	3.8402103559870544	4.142691818802741	0.001208367991030682	0.025717568756475368	0.020133887717588787	VGF/ADCYAP1/IL1B/CRH/CARTPT/VSNL1/SNAP25/DRD2	8
GO:0051145	smooth muscle cell differentiation	5/192	79/18986	0.06329113924050633	6.258570675105486	4.733869185506312	0.0012350966981896376	0.026114626265643644	0.02044473791430525	APLNR/TBX3/TBX18/NOTCH4/FOXF1	5
GO:0002790	peptide secretion	9/192	257/18986	0.03501945525291829	3.4629134241245136	4.017951744138393	0.0012513958626089129	0.026287439061946968	0.02058003038576244	VGF/ADCYAP1/IL1B/CRH/VIP/CARTPT/VSNL1/SNAP25/DRD2	9
GO:0051091	positive regulation of DNA-binding transcription factor activity	8/192	208/18986	0.038461538461538464	3.803285256410257	4.108852931956444	0.001285146209088735	0.026522604218884138	0.02076413755816652	IL1B/PRKCH/TNFSF18/RHEBL1/LTF/BEX1/HSPA1A/IL18R1	8
GO:0050673	epithelial cell proliferation	13/192	482/18986	0.026970954356846474	2.667034059474412	3.7469809588874243	0.001286937738258811	0.026522604218884138	0.02076413755816652	IQGAP3/APLNR/ATOH8/SCG2/PGR/GATA2/TIE1/FLT4/NEAT1/CCL2/DLL4/BMP5/DRD2	13
GO:0090278	negative regulation of peptide hormone secretion	4/192	47/18986	0.0851063829787234	8.415780141843971	5.1448599410603935	0.001287186665336881	0.026522604218884138	0.02076413755816652	CRH/CARTPT/VSNL1/DRD2	4
GO:0060390	regulation of SMAD protein signal transduction	5/192	80/18986	0.0625	6.180338541666667	4.6929898282960565	0.0013067870277042582	0.026756050852046045	0.020946899324826417	ATOH8/AMH/SMAD6/DKK1/BMP5	5
GO:0007178	cell surface receptor protein serine/threonine kinase signaling pathway	12/192	425/18986	0.02823529411764706	2.792058823529412	3.776524830987842	0.0013396387553793578	0.02725617216133473	0.021338436580223337	LEF1/EGR1/ATOH8/DACT2/AMH/SMAD6/COL1A2/HSPA1A/DKK1/BMP5/RASL11B/COL3A1	12
GO:0002673	regulation of acute inflammatory response	4/192	48/18986	0.08333333333333333	8.240451388888888	5.076513068370535	0.0013932224892391674	0.027821449090671028	0.021780983165103556	PTGS2/IL1B/PTGER3/FCGR2B	4
GO:0002792	negative regulation of peptide secretion	4/192	48/18986	0.08333333333333333	8.240451388888888	5.076513068370535	0.0013932224892391674	0.027821449090671028	0.021780983165103556	CRH/CARTPT/VSNL1/DRD2	4
GO:0002920	regulation of humoral immune response	4/192	48/18986	0.08333333333333333	8.240451388888888	5.076513068370535	0.0013932224892391674	0.027821449090671028	0.021780983165103556	FOXJ1/IL1B/KLK7/FCGR2B	4
GO:0009746	response to hexose	8/192	211/18986	0.037914691943127965	3.7492101105845186	4.058873265163096	0.0014075508560439662	0.02783525215582164	0.02179178937180733	PTGS2/CRH/EGR1/COL6A2/PCSK1/COL6A3/PCK1/VSNL1	8
GO:0034762	regulation of transmembrane transport	13/192	487/18986	0.026694045174537988	2.6396517796030117	3.705000602705491	0.0014111225204187787	0.02783525215582164	0.02179178937180733	ARC/AHNAK/IL1B/APLNR/CRH/KCNE4/RGS4/CCL2/OSTN/PLN/SLC17A8/SLC26A5/DRD2	13
GO:1905314	semi-lunar valve development	4/192	49/18986	0.08163265306122448	8.072278911564625	5.010120069157583	0.0015052045611604744	0.02938591228707253	0.02300577725947987	TIE1/NOS3/SMAD6/DLL4	4
GO:0046660	female sex differentiation	6/192	122/18986	0.04918032786885246	4.863217213114754	4.326716629031013	0.0015151497122242031	0.02938591228707253	0.02300577725947987	VGF/FOXC1/TBX3/PGR/NOS3/AMH	6
GO:0050803	regulation of synapse structure or activity	10/192	318/18986	0.031446540880503145	3.10960429769392	3.8345284933958217	0.001527340698211812	0.02938591228707253	0.02300577725947987	ARC/BDNF/CLN3/CAP2/PDXP/SNAP25/DKK1/FCGR2B/SLC17A8/DRD2	10
GO:0061053	somite development	5/192	83/18986	0.060240963855421686	5.956952811244981	4.574406629481606	0.0015403277275561336	0.02938591228707253	0.02300577725947987	LEF1/FOXC1/TBX18/FOXF1/DKK1	5
GO:0036303	lymph vessel morphogenesis	3/192	23/18986	0.13043478260869565	12.898097826086955	5.770776235742042	0.0015533202476319635	0.02938591228707253	0.02300577725947987	FOXC1/TIE1/FLT4	3
GO:0060352	cell adhesion molecule production	3/192	23/18986	0.13043478260869565	12.898097826086955	5.770776235742042	0.0015533202476319635	0.02938591228707253	0.02300577725947987	IL1B/NOTCH4/CXCL8	3
GO:1905244	regulation of modification of synaptic structure	3/192	23/18986	0.13043478260869565	12.898097826086955	5.770776235742042	0.0015533202476319635	0.02938591228707253	0.02300577725947987	CLN3/CAP2/PDXP	3
GO:0046879	hormone secretion	10/192	319/18986	0.03134796238244514	3.09985632183908	3.8229090127425587	0.0015632083384918315	0.02940104055244811	0.023017620944989884	VGF/ADCYAP1/IL1B/CRH/VIP/TBX3/CARTPT/VSNL1/SNAP25/DRD2	10
GO:0031279	regulation of cyclase activity	4/192	50/18986	0.08	7.910833333333334	4.9455842298514385	0.001623305588888771	0.030180422873880314	0.023627787337364693	ADCYAP1/CAP2/NOS3/DRD2	4
GO:0090102	cochlea development	4/192	50/18986	0.08	7.910833333333334	4.9455842298514385	0.001623305588888771	0.030180422873880314	0.023627787337364693	TBX18/GATA2/SLC17A8/SLC26A5	4
GO:0060348	bone development	8/192	217/18986	0.03686635944700461	3.6455453149001538	3.961601691659391	0.0016801133638481751	0.031058095611707692	0.024314903779962163	FOXC1/CCDC154/LTF/TGM2/COL27A1/OSTN/OGN/COL3A1	8
GO:0071216	cellular response to biotic stimulus	9/192	269/18986	0.03345724907063197	3.308434014869888	3.8540894381136606	0.0017132025017163027	0.031230236831418616	0.02444967048446862	PTGS2/IL1B/LTF/NOS3/CCL2/GBP5/FCGR2B/CXCL8/CXCL5	9
GO:0034284	response to monosaccharide	8/192	218/18986	0.03669724770642202	3.628822629969419	3.9457252218296435	0.001729343442801152	0.031230236831418616	0.02444967048446862	PTGS2/CRH/EGR1/COL6A2/PCSK1/COL6A3/PCK1/VSNL1	8
GO:0007204	positive regulation of cytosolic calcium ion concentration	7/192	170/18986	0.041176470588235294	4.071752450980392	4.066242973205676	0.0017441820736536242	0.031230236831418616	0.02444967048446862	ADCYAP1/CCKBR/ITPR3/GATA2/MCHR1/GNG3/PTGER3	7
GO:0015833	peptide transport	9/192	270/18986	0.03333333333333333	3.2961805555555554	3.8408531481734216	0.001757139862084378	0.031230236831418616	0.02444967048446862	VGF/ADCYAP1/IL1B/CRH/VIP/CARTPT/VSNL1/SNAP25/DRD2	9
GO:0002922	positive regulation of humoral immune response	3/192	24/18986	0.125	12.360677083333334	5.628777336651768	0.0017620913744888812	0.031230236831418616	0.02444967048446862	IL1B/KLK7/FCGR2B	3
GO:0014821	phasic smooth muscle contraction	3/192	24/18986	0.125	12.360677083333334	5.628777336651768	0.0017620913744888812	0.031230236831418616	0.02444967048446862	TBX3/PTGER3/DRD2	3
GO:0060252	positive regulation of glial cell proliferation	3/192	24/18986	0.125	12.360677083333334	5.628777336651768	0.0017620913744888812	0.031230236831418616	0.02444967048446862	GFAP/IL1B/PRKCH	3
GO:0050878	regulation of body fluid levels	11/192	381/18986	0.028871391076115485	2.854959536307961	3.6968207649277973	0.0017746140643851171	0.031230236831418616	0.02444967048446862	ADTRP/APLNR/VIP/ENTPD2/MMRN1/ITPR3/NOS3/P2RY2/ADORA2A/COL3A1/DRD2	11
GO:0002009	morphogenesis of an epithelium	13/192	500/18986	0.026	2.5710208333333333	3.5982536608305753	0.001781452424031057	0.031230236831418616	0.02444967048446862	KRT17/APLNR/LEF1/TBX3/PGR/TBX18/TIE1/PAK1/NOTCH4/TGM2/FOXF1/DLL4/BMP5	13
GO:0021761	limbic system development	6/192	126/18986	0.047619047619047616	4.708829365079365	4.2217993147013315	0.0017859640846406317	0.031230236831418616	0.02444967048446862	CRH/MAS1/LEF1/NEUROD6/TBX3/DRD2	6
GO:0050708	regulation of protein secretion	9/192	272/18986	0.03308823529411765	3.2719439338235294	3.814565293726813	0.0018477244133130758	0.03213649718853656	0.025159167733057503	ADTRP/IL1B/CRH/PCSK1/CARTPT/VSNL1/SNAP25/ADORA2A/DRD2	9
GO:0001974	blood vessel remodeling	4/192	52/18986	0.07692307692307693	7.606570512820514	4.821729735086523	0.0018785518896220481	0.03249794311725843	0.02544213817298423	FOXC1/FLT4/NOS3/DLL4	4
GO:0042060	wound healing	12/192	444/18986	0.02702702702702703	2.6725788288288292	3.6045088468566204	0.0019316983713670618	0.033239596975385345	0.026022767533645862	AHNAK/ADTRP/ENTPD2/MMRN1/ITPR3/GATA2/PAK1/NOS3/NOTCH4/DSP/ADORA2A/COL3A1	12
GO:0007188	adenylate cyclase-modulating G protein-coupled receptor signaling pathway	9/192	274/18986	0.032846715328467155	3.2480611313868617	3.7885201165610893	0.001942010638120898	0.033240234996407964	0.02602326703045882	ADCYAP1/VIP/MCHR1/NPY2R/ADCY4/PTGER3/ADORA2A/PLN/DRD2	9
GO:0006816	calcium ion transport	12/192	445/18986	0.02696629213483146	2.666573033707865	3.5957052379383536	0.0019680137821183096	0.033508024132382797	0.026232915012613038	AHNAK/PTGS2/APLNR/CRH/RGS4/ITPR3/MCHR1/NOS3/CCL2/ADORA2A/PLN/DRD2	12
GO:0051223	regulation of protein transport	12/192	446/18986	0.026905829596412557	2.6605941704035874	3.5869256712385336	0.0020048881359637956	0.033617967024974896	0.026318987606634543	ANGPT1/PTGS2/ADTRP/IL1B/CRH/CLN3/PCSK1/CARTPT/VSNL1/SNAP25/ADORA2A/DRD2	12
GO:0071621	granulocyte chemotaxis	6/192	129/18986	0.046511627906976744	4.599321705426356	4.145963972367946	0.002012041196111011	0.033617967024974896	0.026318987606634543	IL1B/CCL3L1/SCG2/CCL2/CXCL8/CXCL5	6
GO:0014075	response to amine	4/192	53/18986	0.07547169811320754	7.463050314465408	4.762248548183633	0.002016038826227243	0.033617967024974896	0.026318987606634543	RGS4/ADORA2A/FOSB/DRD2	4
GO:0051339	regulation of lyase activity	4/192	53/18986	0.07547169811320754	7.463050314465408	4.762248548183633	0.002016038826227243	0.033617967024974896	0.026318987606634543	ADCYAP1/CAP2/NOS3/DRD2	4
GO:0060562	epithelial tube morphogenesis	10/192	331/18986	0.030211480362537766	2.9874748237663646	3.6869250575570898	0.002049558454720725	0.03400164923600793	0.026619366488842455	APLNR/LEF1/TBX3/PGR/TIE1/PAK1/NOTCH4/FOXF1/DLL4/BMP5	10
GO:0060541	respiratory system development	8/192	225/18986	0.035555555555555556	3.515925925925926	3.8371380266237165	0.0021067571496030764	0.03477224172941812	0.027222651460499472	FOXJ1/CRH/LEF1/PGR/FLT4/NOS3/FOXF1/COL3A1	8
GO:0009410	response to xenobiotic stimulus	12/192	451/18986	0.026607538802660754	2.63109756097561	3.5433839844419506	0.002197871509526748	0.03599375088506224	0.028178952128678034	PTGS2/IL1B/SST/CRH/MAS1/PCSK1/ABCC6/AMH/ADORA2A/FOSB/SLC26A5/DRD2	12
GO:0008306	associative learning	5/192	90/18986	0.05555555555555555	5.4936342592592595	4.318971520876192	0.002203017828513856	0.03599375088506224	0.028178952128678034	CRH/CLN3/SNAP25/PLN/DRD2	5
GO:0016082	synaptic vesicle priming	3/192	26/18986	0.11538461538461539	11.409855769230768	5.368568806354567	0.0022302158937914777	0.03625501716791674	0.028383493469782046	RPH3A/SYP/SNAP25	3
GO:0001704	formation of primary germ layer	6/192	132/18986	0.045454545454545456	4.494791666666667	4.072422324483438	0.002259123614408043	0.0365413244630501	0.028607639032977646	LEF1/FOXC1/ATOH8/DUSP4/FOXF1/DKK1	6
GO:0071222	cellular response to lipopolysaccharide	8/192	228/18986	0.03508771929824561	3.469663742690058	3.791912327072936	0.002287112555297455	0.036809995603916755	0.028817977523150972	PTGS2/IL1B/LTF/NOS3/CCL2/GBP5/CXCL8/CXCL5	8
GO:0010469	regulation of signaling receptor activity	5/192	91/18986	0.054945054945054944	5.433264652014652	4.284668335003968	0.002312305023167141	0.037031221534384665	0.028991171890256084	ARC/CRH/CCL2/FCGR2B/GPRC5A	5
GO:0010595	positive regulation of endothelial cell migration	6/192	133/18986	0.045112781954887216	4.460996240601504	4.048396289179594	0.0023463607898756137	0.03739151308003749	0.029273238581491976	ANGPT1/PTGS2/ATOH8/GATA2/FLT4/NOS3	6
GO:0001934	positive regulation of protein phosphorylation	12/192	455/18986	0.026373626373626374	2.607967032967033	3.508970479707802	0.0023629891928419805	0.0374719119551167	0.029336181620112513	ANGPT1/ADCYAP1/PTGS2/ADTRP/IL1B/CARD10/TNFSF18/LTF/FLT4/PAK1/CARTPT/PILRB	12
GO:1902895	positive regulation of miRNA transcription	4/192	56/18986	0.07142857142857142	7.0632440476190474	4.592720956328228	0.002469984585154519	0.03854851038544496	0.030179033917637866	EGR1/ATOH8/GATA2/SMAD6	4
GO:0048545	response to steroid hormone	10/192	340/18986	0.029411764705882353	2.908394607843137	3.588897898912981	0.002489093977646832	0.03854851038544496	0.030179033917637866	PTGS2/ADTRP/SST/CRH/PGR/PAK1/PCSK1/PCK1/HSPA1A/FOSB	10
GO:0018149	peptide cross-linking	3/192	27/18986	0.1111111111111111	10.987268518518519	5.248886708961708	0.0024904601763703236	0.03854851038544496	0.030179033917637866	TGM2/DSP/COL3A1	3
GO:0048245	eosinophil chemotaxis	3/192	27/18986	0.1111111111111111	10.987268518518519	5.248886708961708	0.0024904601763703236	0.03854851038544496	0.030179033917637866	CCL3L1/SCG2/CCL2	3
GO:0051953	negative regulation of amine transport	3/192	27/18986	0.1111111111111111	10.987268518518519	5.248886708961708	0.0024904601763703236	0.03854851038544496	0.030179033917637866	CRH/RGS4/DRD2	3
GO:0070098	chemokine-mediated signaling pathway	5/192	93/18986	0.053763440860215055	5.316420250896058	4.2175577425709685	0.0025426396356326903	0.03916875819653216	0.030664616357555154	CCL3L1/FOXC1/CCL2/CXCL8/CXCL5	5
GO:0030879	mammary gland development	6/192	136/18986	0.04411764705882353	4.362591911764706	3.977720327717211	0.0026233348473255046	0.04021906964996062	0.03148688898651436	IQGAP3/LEF1/TBX3/PGR/NOTCH4/FOXF1	6
GO:0019933	cAMP-mediated signaling	4/192	57/18986	0.07017543859649122	6.939327485380116	4.538968495049304	0.002635685553567744	0.04021906964996062	0.03148688898651436	ADCYAP1/APLNR/CRH/CAP2	4
GO:0007189	adenylate cyclase-activating G protein-coupled receptor signaling pathway	7/192	184/18986	0.03804347826086957	3.7619451992753628	3.8051190455856996	0.002724363360744319	0.04108631204443234	0.032165839674255015	ADCYAP1/VIP/ADCY4/PTGER3/ADORA2A/PLN/DRD2	7
GO:0001701	in utero embryonic development	11/192	403/18986	0.02729528535980149	2.699105665839537	3.4846671520996475	0.002740980997714094	0.04108631204443234	0.032165839674255015	ANGPT1/LEF1/FOXC1/TBX3/GATA2/TIE1/NOS3/FOXF1/BMP5/COL3A1/NEK2	11
GO:2001233	regulation of apoptotic signaling pathway	11/192	403/18986	0.02729528535980149	2.699105665839537	3.4846671520996475	0.002740980997714094	0.04108631204443234	0.032165839674255015	MEIS3/BDNF/PTGS2/IL1B/SCG2/NOS3/ADORA2A/HSPA1A/FCGR2B/BMP5/MUC1	11
GO:0010594	regulation of endothelial cell migration	8/192	235/18986	0.03404255319148936	3.366312056737589	3.6892665533424895	0.002755200792885046	0.04108631204443234	0.032165839674255015	ANGPT1/PTGS2/CARD10/ATOH8/GATA2/FLT4/NOS3/DLL4	8
GO:0002675	positive regulation of acute inflammatory response	3/192	28/18986	0.10714285714285714	10.594866071428571	5.135325509110992	0.0027687221099493816	0.04108631204443234	0.032165839674255015	PTGS2/IL1B/PTGER3	3
GO:0003272	endocardial cushion formation	3/192	28/18986	0.10714285714285714	10.594866071428571	5.135325509110992	0.0027687221099493816	0.04108631204443234	0.032165839674255015	APLNR/TBX3/BMP5	3
GO:0001659	temperature homeostasis	7/192	185/18986	0.03783783783783784	3.7416103603603603	3.7874545148617904	0.00280783121945405	0.04110116584136679	0.032177468482657935	ADCYAP1/PTGS2/IL1B/EGR1/PTGER3/IL18R1/DRD2	7
GO:0019730	antimicrobial humoral response	7/192	185/18986	0.03783783783783784	3.7416103603603603	3.7874545148617904	0.00280783121945405	0.04110116584136679	0.032177468482657935	CCL3L1/VIP/KLK7/LTF/CCL2/CXCL8/CXCL5	7
GO:0050805	negative regulation of synaptic transmission	4/192	58/18986	0.06896551724137931	6.8196839080459775	4.486496506003157	0.002808854985337965	0.04110116584136679	0.032177468482657935	ARC/PTGS2/IL1B/DRD2	4
GO:0003012	muscle system process	12/192	465/18986	0.025806451612903226	2.5518817204301074	3.4245158609356325	0.0028205436837043054	0.04110116584136679	0.032177468482657935	PTGS2/KCNB2/IL1B/KCNE4/TBX3/RGS4/COL14A1/NOS3/DSP/PTGER3/PLN/DRD2	12
GO:0042391	regulation of membrane potential	12/192	466/18986	0.02575107296137339	2.5464055793991416	3.4161912733758304	0.0028700096956884597	0.04163444558543573	0.03259496496495839	KCNB2/KCNE4/CLN3/TBX18/RGS4/LTF/SLC1A7/DSP/ADORA2A/PLN/SLC26A5/DRD2	12
GO:0015850	organic hydroxy compound transport	9/192	292/18986	0.030821917808219176	3.0478381849315066	3.5643656292752253	0.0029754300801515796	0.04297105495218911	0.03364137581224014	CRH/VIP/SLC19A3/RAB3B/SNCG/TGM2/CARTPT/ADORA2A/DRD2	9
GO:0060395	SMAD protein signal transduction	5/192	97/18986	0.05154639175257732	5.0971864261168385	4.088965185738336	0.0030525952856216847	0.0437515585674006	0.034252420048211454	ATOH8/AMH/SMAD6/DKK1/BMP5	5
GO:0002092	positive regulation of receptor internalization	3/192	29/18986	0.10344827586206896	10.229525862068966	5.027358882343785	0.0030654013086592216	0.0437515585674006	0.034252420048211454	ANGPT1/APLNR/DRD2	3
GO:0032412	regulation of monoatomic ion transmembrane transporter activity	7/192	188/18986	0.03723404255319149	3.681903812056737	3.7351891846794922	0.0030700475408964255	0.0437515585674006	0.034252420048211454	ARC/AHNAK/CRH/KCNE4/CCL2/PLN/DRD2	7
GO:0031623	receptor internalization	6/192	141/18986	0.0425531914893617	4.2078900709219855	3.8643572282875756	0.0031385833945384322	0.04453209333917468	0.03486348867617483	ARC/ANGPT1/APLNR/DKK1/CXCL8/DRD2	6
GO:0045766	positive regulation of angiogenesis	7/192	189/18986	0.037037037037037035	3.6624228395061724	3.71800496519171	0.0031614900654585274	0.04466122428715431	0.034964583302657865	IL1B/APLNR/GATA2/TIE1/NOS3/TGM2/CXCL8	7
GO:0050817	coagulation	8/192	241/18986	0.03319502074688797	3.282503457814661	3.6043217027108247	0.003213256592785935	0.04519515251157609	0.0353825874702195	ANGPT1/ADTRP/ENTPD2/MMRN1/ITPR3/NOS3/ADORA2A/COL3A1	8
GO:0008217	regulation of blood pressure	7/192	190/18986	0.03684210526315789	3.6431469298245607	3.7009369968623806	0.0032550012211717545	0.04558410801078193	0.03568709472836292	PTGS2/CRH/NCALD/NOS3/CARTPT/COL1A2/DRD2	7
GO:0048771	tissue remodeling	7/192	191/18986	0.03664921465968586	3.6240728621291445	3.6839838043702833	0.003350611255743758	0.04643213969765097	0.03635100564957235	FOXC1/CCDC154/TIE1/FLT4/NOS3/CARTPT/DLL4	7
GO:0045860	positive regulation of protein kinase activity	8/192	243/18986	0.03292181069958848	3.2554869684499317	3.576598666168518	0.0033784246345027855	0.04643213969765097	0.03635100564957235	ANGPT1/ADCYAP1/IL1B/CARD10/LTF/PAK1/CARTPT/PILRB	8
GO:0014046	dopamine secretion	3/192	30/18986	0.1	9.888541666666667	4.924522133755495	0.0033808797713011825	0.04643213969765097	0.03635100564957235	SNCG/TGM2/DRD2	3
GO:0015732	prostaglandin transport	3/192	30/18986	0.1	9.888541666666667	4.924522133755495	0.0033808797713011825	0.04643213969765097	0.03635100564957235	PTGS2/IL1B/SLCO4A1	3
GO:0042063	gliogenesis	10/192	355/18986	0.028169014084507043	2.7855046948356805	3.4324434737647085	0.00338732147407902	0.04643213969765097	0.03635100564957235	GFAP/EGR2/IL1B/LEF1/PRKCH/PRX/GAP43/CCL2/ADORA2A/COL3A1	10
GO:1904018	positive regulation of vasculature development	7/192	192/18986	0.036458333333333336	3.6051974826388893	3.667143938936899	0.003448350540627312	0.04706925737944876	0.036849795250940766	IL1B/APLNR/GATA2/TIE1/NOS3/TGM2/CXCL8	7
GO:0003179	heart valve morphogenesis	4/192	62/18986	0.06451612903225806	6.379704301075268	4.288388117118198	0.0035794619440204446	0.048454597970343044	0.03793435702160429	TIE1/NOS3/SMAD6/DLL4	4
GO:0042327	positive regulation of phosphorylation	12/192	479/18986	0.025052192066805846	2.4772964509394573	3.3098910802803285	0.003579798737221635	0.048454597970343044	0.03793435702160429	ANGPT1/ADCYAP1/PTGS2/ADTRP/IL1B/CARD10/TNFSF18/LTF/FLT4/PAK1/CARTPT/PILRB	12
GO:0001945	lymph vessel development	3/192	31/18986	0.0967741935483871	9.569556451612902	4.82640320150066	0.0037155222690630203	0.04946384584534515	0.038724481608688015	FOXC1/TIE1/FLT4	3
GO:0031281	positive regulation of cyclase activity	3/192	31/18986	0.0967741935483871	9.569556451612902	4.82640320150066	0.0037155222690630203	0.04946384584534515	0.038724481608688015	ADCYAP1/CAP2/NOS3	3
GO:0051349	positive regulation of lyase activity	3/192	31/18986	0.0967741935483871	9.569556451612902	4.82640320150066	0.0037155222690630203	0.04946384584534515	0.038724481608688015	ADCYAP1/CAP2/NOS3	3
GO:0072677	eosinophil migration	3/192	31/18986	0.0967741935483871	9.569556451612902	4.82640320150066	0.0037155222690630203	0.04946384584534515	0.038724481608688015	CCL3L1/SCG2/CCL2	3
GO:0006887	exocytosis	10/192	360/18986	0.027777777777777776	2.7468171296296298	3.3820902852362904	0.0037382860353424433	0.04956293165710166	0.03880205436166489	RPH3A/RAB3B/GATA2/SYP/PAK1/FOXF1/RAB27B/VSNL1/SNAP25/FCGR2B	10
GO:1990868	response to chemokine	5/192	102/18986	0.049019607843137254	4.8473243464052285	3.9378411647625597	0.00378907601640043	0.049626157542734375	0.03885155293185355	CCL3L1/FOXC1/CCL2/CXCL8/CXCL5	5
GO:1990869	cellular response to chemokine	5/192	102/18986	0.049019607843137254	4.8473243464052285	3.9378411647625597	0.00378907601640043	0.049626157542734375	0.03885155293185355	CCL3L1/FOXC1/CCL2/CXCL8/CXCL5	5
GO:2001237	negative regulation of extrinsic apoptotic signaling pathway	5/192	102/18986	0.049019607843137254	4.8473243464052285	3.9378411647625597	0.00378907601640043	0.049626157542734375	0.03885155293185355	IL1B/SCG2/NOS3/HSPA1A/BMP5	5
